124,1SN-A;
127,1SN-B;
129,1SN-C;
135,1SN-D;
139,1SN-E;
138,1SN-F;
141,1SN-G;
142,1SN-H;
169,1SN-I;
170,1SN-J;
171,1SN-K;
172,1SN-L;
173,1SN-M;
175,1SN-N;
831,2SN TP A1;
829,2SN TP A2;
809,2SN TP B1;
808,2SN TP B2;
865,2SN TP L1;
868,2SN TP L2;
869,2SN TP L3;
873,2SN TP L4;
822,2SN TP M1;
821,2SN TP M2;
874,2SN TP R1;
878,2SN TP R2;
1465,2SN TP T1;
1474,2SN TP T2;
864,3SN TP B1;
863,3SN TP B2;
890,3SN TP E1;
411,3SN TP E2;
872,3SN TP I1;
871,3SN TP I2;
845,3SN TP L1;
3809,3SN TP L2;
833,3SN TP L3;
876,3SN TP M1;
877,3SN TP M2;
918,3SN TP T1;
73,1MF2E G1;
74,1MF2E G2;
371,2MF2E G1;
358,2MF2E G2;
181,3EA APP1A-A1;
1726,3EA APP1A-A2;
412,3EA APP1A-A3;
893,3EA APP1A-B1;
895,3EA APP1A-B2;
1124,3EA APP1A-B3;
1336,3EA APP1A-GR1;
1338,3EA APP1A-GR2;
1339,3EA APP1A-GR3;
1349,3EA APP1A-GR4;
1351,3EA APP1A-GR5;
1353,3EA APP1A-GR6;
855,3EA APP2A-GR1;
949,3EA APP2A-GR2;
1715,3EA APP2A-GR3;
1121,3EA APP2A-EN1;
1122,3EA APP2A-EN2;
1710,3EA APP2A-EN3;
3534,1A MODIA;
5349,1A MODIA GR1;
5352,1A MODIA GR2;
3537,2A MODIA;
158,MF2E APP1A-GR1;
160,MF2E APP1A-GR2;
162,MF2E APP1A-GR3;
163,MF2E APP1A-GR4;
1037,SN APP1A;
1150,SN APP2A GR1;
1151,SN APP2A GR2;